{
    "name": "§2Chains Of Death",
	"description": "Shoot chains in the directions you are looking at. it will penetrate through all mobs in it's path. All mobs affected will get the wither effect. If this chain comes in contact with the ground, it will cause an explosion. [Secondary]",
    "type": "origins:active_self",
    "entity_action": {
        "type": "origins:execute_command",
        "command": "function chains_of_death:start_ray",
        "permission_level": 4
    },
    "cooldown": 1,
	"key": "key.origins.secondary_active",
	"hud_render": {
		"should_render": false,
		"sprite_location": "origins:textures/gui/community/spiderkolo/resource_bar_02.png",
		"bar_index": 14
	}
}