{
    "name":"§cExiled",
    "description":"Villagers prices are heightened and iron golems attack you on sight.",
    "type":"origins:multiple",
    "undead":{
      "type":"origins:entity_group",
      "group":"undead",
      "name":"Undead"
    },
    "price":{
       "type":"origins:action_over_time",
       "interval":10,
       "entity_action":{
          "type":"origins:and",
          "actions":[
             {
                "type":"origins:execute_command",
                "command":"execute at @s as @e[type=villager,distance=..7] run data merge entity @s {Gossips:[{Target:[I;1,1,1,1],Type:'major_negative',Value:110}]}",
                "permission_level":2
             },
             {
                "type":"origins:execute_command",
                "command":"execute at @s as @e[type=villager,distance=..7] run data modify entity @s Gossips[{Target:[I;1,1,1,1]}].Target set from entity @p UUID",
                "permission_level":2
             }
          ]
       }
    },
    "iron_golem":{
       "type":"origins:action_over_time",
       "interval":10,
       "entity_action":{
          "type":"origins:and",
          "actions":[
             {
                "type":"origins:execute_command",
                "command":"execute at @s as @e[type=minecraft:iron_golem,distance=..10] run data modify entity @s AngryAt set from entity @p UUID",
                "permission_level":2
             },
             {
                "type":"origins:execute_command",
                "command":"execute at @s as @e[type=minecraft:iron_golem,distance=..10] run data modify entity @s AngerTime set value 60",
                "permission_level":2
             }
          ]
       }
    },
    "iron_golem_no":{
       "type":"origins:action_over_time",
       "interval":10,
       "entity_action":{
          "type":"origins:and",
          "actions":[
             {
                "type":"origins:execute_command",
                "command":"execute at @s as @e[type=minecraft:iron_golem,distance=10..20] run data modify entity @s AngryAt set from entity @s UUID",
                "permission_level":2
             },
             {
                "type":"origins:execute_command",
                "command":"execute at @s as @e[type=minecraft:iron_golem,distance=10..20] run data modify entity @s AngerTime set value 0",
                "permission_level":2
             }
          ]
       }
    }
}