{
    "name": "§2Night Boost",
    "description": "At night-time you get buffs.",
    "type": "origins:action_over_time",
    "condition": {
        "type": "origins:daytime",
        "inverted": true
    },
    "interval": 20,
    "entity_action": {
        "type": "origins:and",
        "actions": [
            {
                "type": "origins:apply_effect",
                "effects": [
                    {
                        "duration": 300,
                        "is_ambient": false,
                        "show_particles": true,
                        "show_icon": true,
                        "effect": "minecraft:night_vision",
                        "amplifier": 1
                    },
                    {
                        "duration": 300,
                        "is_ambient": false,
                        "show_particles": true,
                        "show_icon": true,
                        "effect": "minecraft:speed",
                        "amplifier": 1
                    },
                    {
                        "duration": 300,
                        "is_ambient": false,
                        "show_particles": true,
                        "show_icon": true,
                        "effect": "minecraft:strength",
                        "amplifier": 2
                    },
                    {
                        "duration": 300,
                        "is_ambient": false,
                        "show_particles": true,
                        "show_icon": true,
                        "effect": "minecraft:regeneration",
                        "amplifier": 0
                    }
                ]
            }
        ]
    }
}