{
    "name": "§cSunlight Terror",
	"description": "Your skin is fragile when it comes to daylight, causing you to burn when under it. The longer you stay under it, the weaker and slower you get.",
    "type":"origins:multiple",
    "burn_in_sunlight":{
        "type":"origins:burn",
        "interval":20,
        "burn_duration":6,
        "condition": {
            "type":"origins:exposed_to_sun"
        }
    },
    "weakness_and_slowness_at_daytime":{
        "type": "origins:action_over_time",
        "condition":{
            "type":"origins:and",
            "conditions":[
               {
                "type": "origins:daytime",
                "inverted": false
               },
               {
                "type": "origins:dimension",
                "dimension": "minecraft:overworld",
                "inverted": false
              }
            ]
         },
        "interval": 20,
        "entity_action": {
            "type": "origins:and",
            "actions": [
                {
                    "type": "origins:apply_effect",
                    "effects": [
                        {
                            "duration": 300,
                            "is_ambient": false,
                            "show_particles": true,
                            "show_icon": true,
                            "effect": "minecraft:slowness",
                            "amplifier": 1
                        },
                        {
                            "duration": 300,
                            "is_ambient": false,
                            "show_particles": true,
                            "show_icon": true,
                            "effect": "minecraft:weakness",
                            "amplifier": 1
                        }
                    ]
                }
            ]
        }
    }
}